case_id,sgd_id,importer_id,declarant_id,fraud_type,loss_amount,ai_probability,status,office_id,tariff_code,date
FRD0001,SGD0005,IMP003,DEC001,Mauvaise classification,500000,88,UNDER_REVIEW,DLA001,62034200,2025-12-26
FRD0002,SGD0022,IMP017,DEC001,Mauvaise classification,500000,76,CONFIRMED,DLA001,85044000,2025-09-10
FRD0003,SGD0032,IMP017,DEC006,Mauvaise classification,500000,72,UNDER_REVIEW,DLA001,85044000,2026-02-14
FRD0004,SGD0042,IMP019,DEC001,Sous-évaluation,500000,70,CONFIRMED,DLA001,62046200,2026-01-26
FRD0005,SGD0047,IMP010,DEC001,Sous-évaluation,500000,78,UNDER_REVIEW,KBI001,85258000,2026-02-16
FRD0006,SGD0050,IMP003,DEC005,Sous-évaluation,500000,94,CONFIRMED,KBI001,61099000,2025-10-22
FRD0007,SGD0058,IMP019,DEC005,Sous-évaluation,500000,73,CONFIRMED,DLA001,62046200,2025-11-22
FRD0008,SGD0059,IMP010,DEC008,Mauvaise classification,500000,79,SUSPECTED,DLA001,85044000,2025-10-14
FRD0009,SGD0060,IMP010,DEC006,Faux documents,500000,77,UNDER_REVIEW,DLA001,85176200,2025-08-16
FRD0010,SGD0065,IMP010,DEC006,Collusion,500000,80,SUSPECTED,DLA001,85044000,2025-12-19
FRD0011,SGD0072,IMP003,DEC006,Faux documents,500000,95,CONFIRMED,DLA001,62034200,2025-12-17
FRD0012,SGD0087,IMP008,DEC001,Sous-évaluation,500000,80,CONFIRMED,DLA001,85258000,2025-12-29
FRD0013,SGD0089,IMP017,DEC006,Mauvaise classification,500000,68,CONFIRMED,DLA001,85171200,2025-12-30
FRD0014,SGD0096,IMP010,DEC006,Sous-évaluation,500000,86,CONFIRMED,DLA001,85171200,2025-08-08
FRD0015,SGD0102,IMP003,DEC001,Sous-évaluation,561196,97,UNDER_REVIEW,DLA002,61099000,2026-01-24
FRD0016,SGD0104,IMP019,DEC006,Sous-évaluation,500000,67,CONFIRMED,KBI001,62034200,2025-11-27
FRD0017,SGD0110,IMP017,DEC006,Sous-évaluation,500000,67,UNDER_REVIEW,DLA001,85176200,2026-02-25
FRD0018,SGD0116,IMP003,DEC001,Marchandises fantômes,500000,88,CONFIRMED,DLA001,62046200,2025-09-30
FRD0019,SGD0128,IMP008,DEC006,Sous-évaluation,500000,76,CONFIRMED,DLA001,84713000,2025-08-09
FRD0020,SGD0135,IMP018,DEC005,Faux documents,16859969,34,CONFIRMED,DLA001,87032390,2025-08-21
FRD0021,SGD0141,IMP010,DEC006,Mauvaise classification,500000,86,UNDER_REVIEW,DLA001,85044000,2025-10-30
FRD0022,SGD0156,IMP019,DEC006,Marchandises fantômes,500000,58,UNDER_REVIEW,DLA001,62034200,2025-08-10
FRD0023,SGD0157,IMP010,DEC001,Faux documents,500000,91,CONFIRMED,DLA001,85171200,2026-02-05
FRD0024,SGD0162,IMP017,DEC001,Sous-évaluation,500000,79,CONFIRMED,DLA001,85176200,2025-12-04
FRD0025,SGD0166,IMP008,DEC005,Sous-évaluation,500000,74,UNDER_REVIEW,DLA001,85044000,2025-12-15
FRD0026,SGD0173,IMP001,DEC001,Marchandises fantômes,500000,93,CONFIRMED,DLA002,85171200,2025-10-17
FRD0027,SGD0175,IMP008,DEC001,Mauvaise classification,500000,88,SUSPECTED,DLA001,84713000,2025-08-12
FRD0028,SGD0177,IMP003,DEC001,Faux documents,500000,86,SUSPECTED,DLA001,61099000,2025-12-13
FRD0029,SGD0181,IMP008,DEC006,Collusion,500000,85,UNDER_REVIEW,DLA002,85176200,2025-12-14
FRD0030,SGD0186,IMP017,DEC001,Faux documents,500000,71,SUSPECTED,DLA001,85176200,2025-11-23
FRD0031,SGD0187,IMP010,DEC001,Sous-évaluation,500000,89,CONFIRMED,DLA001,85176200,2025-09-13
FRD0032,SGD0190,IMP019,DEC006,Marchandises fantômes,500000,73,UNDER_REVIEW,DLA001,63053300,2025-11-02
FRD0033,SGD0204,IMP010,DEC001,Collusion,500000,91,UNDER_REVIEW,KBI001,85044000,2026-02-20
FRD0034,SGD0205,IMP008,DEC001,Faux documents,500000,77,UNDER_REVIEW,KBI001,85176200,2026-02-05
FRD0035,SGD0213,IMP010,DEC004,Mauvaise classification,500000,90,SUSPECTED,DLA001,85044000,2025-08-14
FRD0036,SGD0214,IMP003,DEC001,Mauvaise classification,500000,91,CONFIRMED,DLA001,62046200,2026-01-25
FRD0037,SGD0217,IMP001,DEC005,Sous-évaluation,500000,82,CONFIRMED,DLA002,85258000,2026-02-16
FRD0038,SGD0219,IMP001,DEC001,Mauvaise classification,500000,91,UNDER_REVIEW,DLA001,84713000,2025-08-05
FRD0039,SGD0236,IMP003,DEC006,Sous-évaluation,500000,92,UNDER_REVIEW,DLA001,62046200,2026-02-25
FRD0040,SGD0238,IMP017,DEC006,Sous-évaluation,500000,74,CONFIRMED,DLA001,84713000,2025-09-05
FRD0041,SGD0246,IMP019,DEC006,Sous-évaluation,500000,68,UNDER_REVIEW,KBI001,61099000,2025-09-15
FRD0042,SGD0250,IMP003,DEC006,Sous-évaluation,500000,94,UNDER_REVIEW,DLA002,63053300,2025-12-19
FRD0043,SGD0261,IMP001,DEC005,Marchandises fantômes,500000,96,UNDER_REVIEW,DLA002,85171200,2025-10-08
FRD0044,SGD0264,IMP001,DEC005,Sous-évaluation,500000,88,CONFIRMED,DLA002,85044000,2026-01-10
FRD0045,SGD0266,IMP008,DEC005,Marchandises fantômes,500000,84,CONFIRMED,KBI001,85258000,2026-01-01
FRD0046,SGD0268,IMP010,DEC006,Mauvaise classification,500000,83,CONFIRMED,DLA001,84713000,2026-01-15
FRD0047,SGD0277,IMP003,DEC005,Sous-évaluation,500000,98,SUSPECTED,DLA001,61099000,2025-12-29
FRD0048,SGD0295,IMP010,DEC005,Mauvaise classification,500000,80,UNDER_REVIEW,DLA001,85044000,2025-08-01
FRD0049,SGD0318,IMP017,DEC001,Mauvaise classification,500000,69,CONFIRMED,DLA001,85171200,2025-09-24
FRD0050,SGD0319,IMP008,DEC006,Sous-évaluation,500000,80,CONFIRMED,DLA001,85044000,2025-10-24
FRD0051,SGD0322,IMP001,DEC001,Sous-évaluation,500000,91,CONFIRMED,DLA001,85258000,2026-02-03
FRD0052,SGD0323,IMP017,DEC005,Collusion,500000,77,UNDER_REVIEW,DLA001,85258000,2025-09-04
FRD0053,SGD0326,IMP008,DEC005,Sous-évaluation,500000,76,CONFIRMED,DLA001,85176200,2025-12-11
FRD0054,SGD0329,IMP001,DEC005,Marchandises fantômes,500000,87,UNDER_REVIEW,YDE001,85044000,2026-01-01
FRD0055,SGD0340,IMP001,DEC006,Sous-évaluation,500000,90,CONFIRMED,DLA001,85176200,2026-01-11
FRD0056,SGD0349,IMP019,DEC006,Mauvaise classification,500000,64,UNDER_REVIEW,DLA001,61099000,2025-10-11
FRD0057,SGD0353,IMP017,DEC005,Marchandises fantômes,500000,74,CONFIRMED,DLA001,85176200,2025-12-06
FRD0058,SGD0354,IMP001,DEC005,Mauvaise classification,500000,84,UNDER_REVIEW,DLA001,84713000,2026-02-24
FRD0059,SGD0357,IMP001,DEC001,Sous-évaluation,500000,84,CONFIRMED,DLA001,84713000,2025-11-14
FRD0060,SGD0370,IMP008,DEC001,Faux documents,500000,74,SUSPECTED,DLA001,85258000,2025-12-28
FRD0061,SGD0374,IMP017,DEC001,Mauvaise classification,500000,75,CONFIRMED,DLA001,85258000,2025-11-25
FRD0062,SGD0375,IMP003,DEC001,Marchandises fantômes,500000,88,CONFIRMED,DLA001,62046200,2025-08-25
FRD0063,SGD0382,IMP017,DEC005,Mauvaise classification,500000,80,UNDER_REVIEW,DLA001,84713000,2025-10-12
FRD0064,SGD0388,IMP019,DEC006,Sous-évaluation,500000,58,CONFIRMED,DLA001,62046200,2025-12-03
FRD0065,SGD0392,IMP017,DEC001,Faux documents,500000,66,UNDER_REVIEW,DLA002,85044000,2025-12-28
FRD0066,SGD0394,IMP017,DEC005,Sous-évaluation,500000,66,CONFIRMED,DLA001,85044000,2025-08-11
FRD0067,SGD0395,IMP008,DEC005,Collusion,500000,77,SUSPECTED,DLA002,85044000,2025-12-21
FRD0068,SGD0418,IMP010,DEC006,Marchandises fantômes,500000,92,SUSPECTED,KBI001,85044000,2025-10-05
FRD0069,SGD0424,IMP017,DEC003,Sous-évaluation,500000,75,CONFIRMED,KBI001,85044000,2025-08-26
FRD0070,SGD0428,IMP019,DEC008,Marchandises fantômes,500000,72,SUSPECTED,DLA001,62046200,2026-01-28
FRD0071,SGD0433,IMP003,DEC010,Sous-évaluation,500000,98,SUSPECTED,DLA001,62046200,2025-09-14
FRD0072,SGD0439,IMP001,DEC005,Mauvaise classification,500000,96,CONFIRMED,DLA001,84713000,2025-09-04
FRD0073,SGD0440,IMP019,DEC006,Mauvaise classification,500000,66,SUSPECTED,DLA001,61099000,2025-11-17
FRD0074,SGD0444,IMP017,DEC005,Mauvaise classification,500000,73,SUSPECTED,DLA001,85258000,2025-12-03
FRD0075,SGD0448,IMP017,DEC001,Sous-évaluation,500000,73,UNDER_REVIEW,DLA001,85176200,2025-11-06
FRD0076,SGD0452,IMP010,DEC001,Sous-évaluation,500000,85,CONFIRMED,DLA001,84713000,2026-01-26
FRD0077,SGD0459,IMP003,DEC005,Sous-évaluation,500000,90,UNDER_REVIEW,DLA001,62034200,2025-10-01
FRD0078,SGD0466,IMP010,DEC001,Mauvaise classification,500000,80,CONFIRMED,KBI001,85044000,2026-01-08
FRD0079,SGD0469,IMP019,DEC001,Sous-évaluation,500000,71,CONFIRMED,DLA001,62034200,2026-02-01
FRD0080,SGD0471,IMP019,DEC001,Mauvaise classification,500000,65,CONFIRMED,DLA001,61099000,2025-09-02
FRD0081,SGD0473,IMP001,DEC001,Mauvaise classification,500000,95,CONFIRMED,DLA002,85176200,2025-09-08
FRD0082,SGD0489,IMP010,DEC006,Sous-évaluation,500000,79,UNDER_REVIEW,DLA001,85176200,2026-01-21
FRD0083,SGD0493,IMP001,DEC005,Marchandises fantômes,500000,96,SUSPECTED,DLA001,85176200,2026-02-10
FRD0084,SGD0494,IMP001,DEC005,Marchandises fantômes,500000,93,CONFIRMED,DLA001,85176200,2025-09-27
FRD0085,SGD0498,IMP010,DEC006,Faux documents,500000,84,CONFIRMED,KBI001,85044000,2026-02-28
FRD0086,SGD0500,IMP001,DEC005,Marchandises fantômes,500000,86,CONFIRMED,DLA001,85044000,2026-02-26
