sgd_id,date,importer_id,declarant_id,country,office_id,tariff_code,quantity,weight,cif_value,taxes_declared,revenue_collected,clearance_hours,fraud_flag
SGD0001,2026-01-11,IMP009,DEC004,CN,DLA001,87089900,174,1946.7,1231607542,369482262,355917930,30,0
SGD0002,2025-08-24,IMP017,DEC009,CN,DLA001,85258000,140,905.4,6839949,1367989,1397283,30,0
SGD0003,2026-02-11,IMP014,DEC006,CN,KBI001,30049099,196,1028.6,2945794,147289,140491,33,0
SGD0004,2026-01-02,IMP002,DEC008,DE,DLA001,87084000,97,141.5,917047207,275114162,273127277,41,0
SGD0005,2025-12-26,IMP003,DEC001,IT,DLA001,62034200,1908,24875.2,2544448,312143,298010,53,1
SGD0006,2026-01-03,IMP018,DEC004,CN,DLA001,87042190,164,1708.2,1474485558,442345667,454035884,31,0
SGD0007,2025-09-28,IMP011,DEC007,CN,KBI001,62046200,4647,61259.6,17380720,4345180,4236049,36,0
SGD0008,2025-09-06,IMP008,DEC009,CN,DLA001,85258000,150,925.7,8430279,1686055,1552434,45,0
SGD0009,2025-08-24,IMP004,DEC003,IN,KBI001,84713000,109,988.3,9289531,1672115,1754747,38,0
SGD0010,2025-10-04,IMP001,DEC002,US,YDE001,85176200,69,800.3,2777797,555559,536233,30,0
SGD0011,2025-08-01,IMP009,DEC009,IT,DLA002,87042190,28,366.7,265813573,79744071,77842129,18,0
SGD0012,2025-09-09,IMP006,DEC009,ZA,DLA001,30041000,154,780.0,2066865,103343,98635,39,0
SGD0013,2025-10-01,IMP019,DEC002,TR,DLA001,63053300,4364,50438.1,19444244,4861061,5065358,35,0
SGD0014,2025-10-07,IMP020,DEC007,ZA,DLA001,84713000,177,576.5,15189385,2734089,2736147,41,0
SGD0015,2025-11-21,IMP015,DEC002,CN,DLA002,33049900,6,53.7,500000,125000,112634,13,0
SGD0016,2025-09-28,IMP002,DEC006,CN,DLA001,87032390,172,1278.9,1242424441,372727332,387758357,48,0
SGD0017,2025-12-26,IMP016,DEC007,CN,DLA001,84283100,111,611.4,20715461,2071546,2090938,33,0
SGD0018,2025-08-16,IMP011,DEC002,CN,DLA001,62046200,3676,8677.9,14136691,3534172,3313183,32,0
SGD0019,2025-11-22,IMP018,DEC002,CN,KBI001,87084000,4,58.2,29328782,8798634,8559717,28,0
SGD0020,2025-11-11,IMP006,DEC007,CN,DLA002,30049099,117,525.7,1956383,97819,95177,18,0
SGD0021,2025-10-15,IMP002,DEC010,TR,DLA001,87032390,81,92.4,674383583,202315074,209984447,46,0
SGD0022,2025-09-10,IMP017,DEC001,CN,DLA001,85044000,61,380.4,889008,85052,84448,56,1
SGD0023,2025-10-01,IMP005,DEC005,FR,DLA001,62034200,595,260.0,2973528,743382,780115,32,0
SGD0024,2025-12-16,IMP009,DEC003,BR,DLA001,87084000,63,361.1,516738009,155021402,152150823,39,0
SGD0025,2026-01-04,IMP018,DEC001,US,YDE001,87042190,170,309.9,1299869461,389960838,403007721,33,0
SGD0026,2025-09-09,IMP020,DEC004,TR,DLA001,84715000,163,2092.6,14484193,2607154,2700491,31,0
SGD0027,2025-08-24,IMP009,DEC001,CN,DLA001,87089900,164,2411.3,1504197980,451259394,443476100,43,0
SGD0028,2025-12-22,IMP003,DEC003,DE,DLA001,63053300,4772,40190.4,17197872,4299468,4068323,31,0
SGD0029,2025-10-31,IMP008,DEC006,IT,DLA001,84713000,105,1534.6,2493520,185029,171036,81,1
SGD0030,2025-08-07,IMP011,DEC007,IT,DLA001,62034200,2033,8583.4,8156531,2039132,1847063,45,0
SGD0031,2025-09-26,IMP015,DEC006,CN,DLA001,33072000,59,211.0,500000,125000,117723,32,0
SGD0032,2026-02-14,IMP017,DEC006,CN,DLA001,85044000,67,196.0,788353,75519,71882,80,1
SGD0033,2025-12-12,IMP018,DEC004,CN,DLA002,87032390,171,2365.8,1334574640,400372392,411263438,21,0
SGD0034,2025-12-08,IMP014,DEC006,FR,DLA001,30049099,33,103.0,554858,27742,28724,48,0
SGD0035,2025-10-17,IMP001,DEC001,FR,DLA001,85258000,168,846.2,2892818,210661,204547,80,1
SGD0036,2025-10-12,IMP020,DEC006,CN,DLA001,84719000,61,621.6,6080061,1094410,1009158,31,0
SGD0037,2025-10-02,IMP003,DEC006,DE,YDE001,63053300,3146,23806.9,3703111,468708,484596,65,1
SGD0038,2025-09-26,IMP017,DEC006,CN,DLA001,85171200,117,264.4,2370689,282760,279739,78,1
SGD0039,2026-02-01,IMP014,DEC009,FR,DLA002,30049099,122,843.8,2170279,108513,102175,28,0
SGD0040,2025-12-03,IMP009,DEC008,CN,DLA001,87032390,70,366.6,494049395,148214818,136746636,42,0
SGD0041,2026-01-25,IMP007,DEC002,FR,DLA001,27101290,120,769.4,500000,75000,71881,48,0
SGD0042,2026-01-26,IMP019,DEC001,BR,DLA001,62046200,3195,41042.0,5258537,684122,697790,44,1
SGD0043,2026-02-02,IMP015,DEC003,ZA,DLA001,33049900,101,909.1,500000,125000,120536,44,0
SGD0044,2025-09-16,IMP013,DEC006,CN,DLA001,21069098,3106,13636.5,5907044,1181408,1077781,30,0
SGD0045,2026-02-08,IMP012,DEC004,US,DLA001,68022100,167,148.9,500000,75000,69742,30,0
SGD0046,2026-01-07,IMP005,DEC008,US,DLA001,61099000,1786,12744.9,8263888,2065972,1911371,33,0
SGD0047,2026-02-16,IMP010,DEC001,BR,KBI001,85258000,97,594.7,1190767,120787,120072,28,1
SGD0048,2025-10-28,IMP012,DEC002,DE,DLA001,72142000,108,1337.9,500000,75000,71574,44,0
SGD0049,2026-01-29,IMP006,DEC009,TH,DLA001,30049010,138,1612.8,2120155,106007,107030,38,0
SGD0050,2025-10-22,IMP003,DEC005,CN,KBI001,61099000,5000,50611.9,5172199,718012,665795,35,1
SGD0051,2025-12-21,IMP007,DEC002,CN,DLA001,27101290,143,1636.6,500000,75000,73021,30,0
SGD0052,2025-08-24,IMP013,DEC004,CN,DLA001,21069098,3877,32706.6,7910642,1582128,1600940,40,0
SGD0053,2025-10-30,IMP009,DEC005,CN,DLA001,87032390,50,246.9,492140409,147642122,148162491,36,0
SGD0054,2025-09-25,IMP009,DEC010,ZA,KBI001,87042190,26,326.0,195726599,58717979,54426647,22,0
SGD0055,2026-01-29,IMP009,DEC001,ZA,DLA001,87032390,33,319.3,235233255,70569976,63642813,39,0
SGD0056,2025-11-29,IMP011,DEC003,TH,DLA001,62034200,3914,7738.3,15816990,3954247,3602763,31,0
SGD0057,2025-09-08,IMP019,DEC002,AE,DLA001,61099000,3410,31415.9,12825349,3206337,3137034,44,0
SGD0058,2025-11-22,IMP019,DEC005,DE,DLA001,62046200,813,11568.6,1423252,134993,123137,45,1
SGD0059,2025-10-14,IMP010,DEC008,CN,DLA001,85044000,68,807.9,1306426,141400,131455,37,1
SGD0060,2025-08-16,IMP010,DEC006,BR,DLA001,85176200,120,1250.8,2877135,259023,252306,35,1
SGD0061,2025-08-24,IMP019,DEC001,MA,DLA001,63053300,4721,4208.3,7386481,914913,949140,41,1
SGD0062,2025-11-20,IMP016,DEC002,FR,DLA001,84283100,83,842.5,14669906,1466990,1472932,39,0
SGD0063,2026-01-17,IMP018,DEC001,FR,DLA002,87032390,83,166.3,794120251,238236075,243891580,12,0
SGD0064,2026-01-16,IMP015,DEC007,CN,KBI001,33051000,160,1827.2,500000,125000,113467,30,0
SGD0065,2025-12-19,IMP010,DEC006,FR,DLA001,85044000,162,1498.6,3374795,265410,239413,56,1
SGD0066,2026-01-13,IMP016,DEC005,DE,KBI001,84283100,124,1824.0,23050189,2305018,2124526,28,0
SGD0067,2026-01-01,IMP005,DEC002,CN,DLA001,63053300,3400,18007.0,13013419,3253354,2929270,39,0
SGD0068,2025-12-29,IMP016,DEC003,FR,DLA001,84713000,86,723.5,15493684,1549368,1611230,36,0
SGD0069,2026-01-26,IMP013,DEC004,NG,DLA001,21069098,2607,29321.4,5237105,1047421,1046953,34,0
SGD0070,2025-12-05,IMP005,DEC009,TH,YDE001,62034200,3607,6369.1,12352374,3088093,2846058,20,0
SGD0071,2025-08-20,IMP009,DEC006,IN,DLA001,87042190,21,269.2,168336631,50500989,47849645,45,0
SGD0072,2025-12-17,IMP003,DEC006,BR,DLA001,62034200,741,4949.4,1417120,181096,165716,40,1
SGD0073,2025-10-31,IMP005,DEC004,DE,DLA001,61099000,1476,4131.0,6457775,1614443,1545638,37,0
SGD0074,2025-12-06,IMP005,DEC004,FR,DLA002,62046200,2092,21134.6,10129328,2532332,2536489,17,0
SGD0075,2025-08-19,IMP012,DEC010,CN,DLA001,68022100,177,703.8,500000,75000,71827,45,0
SGD0076,2025-08-28,IMP019,DEC005,TH,DLA001,62046200,3243,14058.0,6609496,881530,922116,68,1
SGD0077,2025-10-13,IMP008,DEC006,CN,KBI001,85044000,65,667.1,1282537,146471,146024,41,1
SGD0078,2025-08-09,IMP005,DEC002,JP,DLA001,62046200,3404,9810.0,15857263,3964315,4089068,41,0
SGD0079,2025-12-14,IMP009,DEC003,CN,DLA001,87089900,124,1800.5,1139434750,341830425,325014859,33,0
SGD0080,2025-11-28,IMP005,DEC004,NG,YDE001,63053300,3256,47273.4,12975941,3243985,3304330,16,0
SGD0081,2025-10-07,IMP015,DEC006,US,DLA001,33051000,150,885.2,551752,137938,126385,37,0
SGD0082,2025-11-29,IMP018,DEC006,JP,DLA001,87032390,17,163.9,165070687,49521206,46813808,43,0
SGD0083,2025-08-30,IMP002,DEC005,AE,DLA001,87032390,138,316.6,1102238685,330671605,344694433,47,0
SGD0084,2025-11-16,IMP005,DEC007,US,DLA001,63053300,3344,47164.0,11544645,2886161,2757956,44,0
SGD0085,2025-11-22,IMP012,DEC002,TH,DLA002,69029000,166,925.0,500000,75000,78392,26,0
SGD0086,2025-08-24,IMP020,DEC001,CN,DLA001,84715000,33,391.7,2461230,443021,449566,36,0
SGD0087,2025-12-29,IMP008,DEC001,IT,DLA001,85258000,71,917.2,1745294,161287,164476,37,1
SGD0088,2025-12-29,IMP006,DEC005,CN,DLA001,30049010,135,266.0,2107009,105350,107109,46,0
SGD0089,2025-12-30,IMP017,DEC006,CN,DLA001,85171200,169,1346.1,3369031,208438,218815,84,1
SGD0090,2025-10-22,IMP003,DEC006,IN,DLA001,61099000,2664,15715.7,4360084,475374,471007,36,1
SGD0091,2025-08-30,IMP018,DEC004,FR,KBI001,87084000,106,559.9,856049278,256814783,259239596,32,0
SGD0092,2025-11-18,IMP009,DEC006,MA,DLA001,87084000,18,29.5,127770053,38331015,35053125,41,0
SGD0093,2026-02-24,IMP002,DEC010,ZA,DLA001,87032390,32,202.8,306492636,91947790,92698001,39,0
SGD0094,2026-01-01,IMP004,DEC010,DE,DLA001,84715000,124,446.0,10435080,1878314,1847208,33,0
SGD0095,2026-02-12,IMP008,DEC009,ZA,DLA001,85258000,165,1399.9,9070630,1814126,1858425,38,0
SGD0096,2025-08-08,IMP010,DEC006,CN,DLA001,85171200,145,1444.6,1908969,187060,169214,77,1
SGD0097,2026-02-15,IMP020,DEC002,NG,DLA002,84715000,194,1820.2,15811290,2846032,2844013,27,0
SGD0098,2026-01-03,IMP009,DEC004,TR,DLA001,87032390,111,214.2,927651953,278295585,278315033,31,0
SGD0099,2025-09-26,IMP020,DEC001,CN,DLA001,84715000,55,636.9,4515016,812702,746058,45,0
SGD0100,2026-02-08,IMP005,DEC007,DE,DLA001,62046200,4578,57455.3,16093138,4023284,4141024,31,0
SGD0101,2025-11-20,IMP003,DEC010,FR,DLA001,61099000,3422,15590.2,11748993,2937248,2786611,44,0
SGD0102,2026-01-24,IMP003,DEC001,CN,DLA002,61099000,4293,6251.1,8135088,745319,757890,16,1
SGD0103,2025-10-29,IMP005,DEC004,CN,KBI001,62046200,1422,13018.8,5006243,1251560,1304993,37,0
SGD0104,2025-11-27,IMP019,DEC006,IN,KBI001,62034200,2648,34435.7,3652562,394411,382712,62,1
SGD0105,2025-11-03,IMP003,DEC002,IN,KBI001,61099000,3791,33477.7,15617304,3904326,3988161,28,0
SGD0106,2025-10-22,IMP017,DEC001,FR,DLA001,85171200,88,1297.2,1589404,111820,104793,58,1
SGD0107,2025-12-13,IMP006,DEC006,CN,DLA001,30049099,105,1226.9,1371740,68587,68218,40,0
SGD0108,2025-08-17,IMP018,DEC007,CN,DLA001,87089900,169,2446.6,1621469641,486440892,462120941,48,0
SGD0109,2026-01-17,IMP012,DEC005,MA,DLA001,69029000,34,307.6,500000,75000,71737,40,0
SGD0110,2026-02-25,IMP017,DEC006,FR,DLA001,85176200,93,450.2,1475294,156335,145204,38,1
SGD0111,2026-01-17,IMP020,DEC003,IN,DLA001,84715000,47,588.5,4688601,843948,780509,44,0
SGD0112,2025-08-12,IMP008,DEC010,CN,DLA001,85171200,115,430.1,5039348,1007869,1029330,45,0
SGD0113,2025-09-19,IMP019,DEC008,IT,DLA001,63053300,4120,33181.1,19392947,4848236,4946116,34,0
SGD0114,2025-10-04,IMP016,DEC006,DE,DLA001,84283100,133,1704.0,21152188,2115218,1954560,44,0
SGD0115,2025-12-10,IMP014,DEC002,BR,DLA001,30049099,116,1543.3,1767768,88388,84805,41,0
SGD0116,2025-09-30,IMP003,DEC001,CN,DLA001,62046200,2747,32780.8,2873262,413188,401151,83,1
SGD0117,2025-12-19,IMP020,DEC009,FR,DLA002,84713000,61,288.3,4901773,882319,878650,26,0
SGD0118,2025-08-17,IMP016,DEC010,DE,DLA001,84713000,148,570.8,25747794,2574779,2317905,41,0
SGD0119,2025-10-01,IMP006,DEC002,DE,DLA001,30049099,135,1120.2,2170113,108505,104009,45,0
SGD0120,2025-08-12,IMP012,DEC005,TR,DLA001,72142000,18,96.6,500000,75000,74046,40,0
SGD0121,2025-09-04,IMP018,DEC006,BE,DLA001,87032390,200,2073.0,1764310942,529293282,540791994,32,0
SGD0122,2026-01-31,IMP015,DEC001,CN,KBI001,33049900,52,692.7,500000,125000,122163,39,0
SGD0123,2025-11-30,IMP007,DEC005,CN,DLA001,27102000,168,870.1,500000,75000,72415,42,0
SGD0124,2026-02-07,IMP013,DEC006,MX,DLA001,22030000,3010,41801.0,5759263,1151852,1050940,43,0
SGD0125,2025-08-21,IMP006,DEC009,CN,DLA001,30049099,84,841.3,1295741,64787,65282,35,0
SGD0126,2026-01-24,IMP015,DEC001,TR,DLA001,33072000,158,2365.7,524143,131035,133488,31,0
SGD0127,2025-08-20,IMP013,DEC006,DE,DLA001,22030000,1311,18755.2,3118784,623756,624824,44,0
SGD0128,2025-08-09,IMP008,DEC006,CN,DLA001,84713000,9,82.8,500000,41160,41755,66,1
SGD0129,2025-12-11,IMP018,DEC002,CN,DLA001,87032390,115,397.2,887092290,266127687,276099980,45,0
SGD0130,2025-09-21,IMP003,DEC006,FR,DLA001,62046200,2619,26497.1,4347531,420741,397597,40,1
SGD0131,2026-01-27,IMP012,DEC009,CN,DLA001,68022100,36,136.1,500000,75000,73732,41,0
SGD0132,2025-11-28,IMP018,DEC003,IN,KBI001,87032390,80,492.2,678578087,203573426,206703302,40,0
SGD0133,2025-08-19,IMP011,DEC002,FR,DLA001,63053300,2823,6172.5,12488021,3122005,2895017,34,0
SGD0134,2025-11-19,IMP002,DEC002,DE,DLA001,87032390,42,211.8,332105502,99631650,103730058,39,0
SGD0135,2025-08-21,IMP018,DEC005,CN,DLA001,87032390,137,229.3,329447484,57569178,53143785,72,1
SGD0136,2025-08-08,IMP019,DEC001,IT,DLA001,61099000,249,1897.7,500000,61571,58203,45,1
SGD0137,2026-01-23,IMP015,DEC002,US,DLA001,33049900,107,793.8,500000,125000,115193,40,0
SGD0138,2026-02-04,IMP013,DEC007,CN,YDE001,21069098,4602,8563.9,9540765,1908153,1793894,23,0
SGD0139,2025-09-06,IMP010,DEC010,FR,DLA001,84713000,41,502.6,2100442,420088,390041,35,0
SGD0140,2025-12-06,IMP016,DEC008,NG,YDE001,84713000,24,340.7,4462094,446209,417700,34,0
SGD0141,2025-10-30,IMP010,DEC006,US,DLA001,85044000,3,38.3,500000,37934,36221,55,1
SGD0142,2025-08-19,IMP015,DEC009,CN,DLA001,33072000,175,1624.4,651017,162754,156095,40,0
SGD0143,2025-12-21,IMP005,DEC004,IN,DLA002,61099000,330,318.8,1498776,374694,382410,28,0
SGD0144,2025-11-25,IMP017,DEC006,CN,DLA001,85176200,158,1764.5,3043914,275288,268806,61,1
SGD0145,2025-10-16,IMP001,DEC006,CN,DLA001,85176200,79,949.0,917169,81146,84802,80,1
SGD0146,2025-08-14,IMP006,DEC009,IN,DLA001,30049010,98,242.3,1268063,63403,66080,33,0
SGD0147,2025-09-18,IMP011,DEC007,CN,DLA001,63053300,3362,25809.2,16382466,4095616,4222263,31,0
SGD0148,2026-01-28,IMP007,DEC009,CN,DLA001,27102000,135,788.3,500000,75000,73497,47,0
SGD0149,2025-10-30,IMP009,DEC010,FR,DLA001,87084000,72,612.3,706518269,211955480,221989249,39,0
SGD0150,2026-01-28,IMP016,DEC006,FR,DLA001,84713000,185,799.2,35943711,3594371,3527798,42,0
SGD0151,2026-02-26,IMP005,DEC005,CN,DLA001,62034200,648,3493.7,2883311,720827,729549,36,0
SGD0152,2025-09-21,IMP009,DEC009,US,KBI001,87032390,158,1768.2,1196986784,359096035,359266639,38,0
SGD0153,2025-09-27,IMP002,DEC002,FR,DLA001,87089900,26,268.2,177231096,53169328,52241676,35,0
SGD0154,2025-11-13,IMP016,DEC008,US,DLA001,84212100,74,371.6,11637218,1163721,1181536,48,0
SGD0155,2025-09-29,IMP002,DEC003,FR,DLA001,87089900,10,149.6,93214740,27964422,25949494,39,0
SGD0156,2025-08-10,IMP019,DEC006,CN,DLA001,62034200,4451,35641.3,8996680,990548,920141,37,1
SGD0157,2026-02-05,IMP010,DEC001,CN,DLA001,85171200,104,1295.5,1630409,137035,125292,38,1
SGD0158,2026-02-09,IMP011,DEC005,IN,DLA001,61099000,2143,21235.3,7499211,1874802,1720569,39,0
SGD0159,2025-09-10,IMP017,DEC005,US,DLA001,85258000,76,433.4,1079825,73443,67786,77,1
SGD0160,2026-02-10,IMP007,DEC004,US,DLA001,27102000,21,168.5,500000,75000,68378,48,0
SGD0161,2025-08-29,IMP018,DEC009,CN,DLA001,87042190,43,220.3,353197260,105959178,106175788,48,0
SGD0162,2025-12-04,IMP017,DEC001,FR,DLA001,85176200,117,1005.0,2046576,221879,223763,55,1
SGD0163,2025-10-28,IMP018,DEC001,BR,DLA001,87032390,121,92.7,892488769,267746630,246411060,43,0
SGD0164,2025-11-04,IMP014,DEC008,NG,YDE001,30041000,97,143.5,1314150,65707,67615,19,0
SGD0165,2025-09-15,IMP014,DEC009,CN,YDE001,30041000,1,11.4,500000,25000,25196,29,0
SGD0166,2025-12-15,IMP008,DEC005,CN,DLA001,85044000,186,2148.8,4125099,351270,356506,31,1
SGD0167,2025-10-02,IMP013,DEC008,CN,KBI001,19059090,463,1092.7,873833,174766,181312,40,0
SGD0168,2025-10-21,IMP011,DEC004,CN,DLA001,62046200,4271,15159.2,16401691,4100422,4032796,48,0
SGD0169,2026-02-05,IMP014,DEC009,FR,DLA002,30041000,165,1677.8,2419297,120964,116421,16,0
SGD0170,2025-10-16,IMP018,DEC008,CN,DLA001,87032390,182,440.8,1770345259,531103577,522795997,43,0
SGD0171,2025-12-21,IMP013,DEC004,CN,DLA001,21069098,648,8979.2,1149533,229906,231903,36,0
SGD0172,2025-08-14,IMP020,DEC010,CN,DLA001,84715000,195,1742.8,15527569,2794962,2603041,40,0
SGD0173,2025-10-17,IMP001,DEC001,AE,DLA002,85171200,194,1424.0,4004345,409348,392767,27,1
SGD0174,2025-10-18,IMP017,DEC008,CN,DLA001,84713000,121,1391.0,6619661,1323932,1265157,43,0
SGD0175,2025-08-12,IMP008,DEC001,CN,DLA001,84713000,149,1621.7,1982825,158213,151406,83,1
SGD0176,2026-01-12,IMP015,DEC003,TR,KBI001,33049900,36,392.0,500000,125000,129175,23,0
SGD0177,2025-12-13,IMP003,DEC001,IT,DLA001,61099000,1896,2463.1,1916798,216463,206934,69,1
SGD0178,2025-08-04,IMP009,DEC009,AE,DLA001,87042190,179,1827.3,1278499010,383549703,350735907,34,0
SGD0179,2025-10-01,IMP017,DEC005,CN,DLA001,85176200,96,1382.6,1812242,216407,202097,73,1
SGD0180,2025-11-12,IMP018,DEC008,CN,DLA001,87032390,44,66.7,390002939,117000881,111114636,33,0
SGD0181,2025-12-14,IMP008,DEC006,NG,DLA002,85176200,12,166.6,500000,46905,42445,66,1
SGD0182,2025-10-16,IMP008,DEC005,US,DLA001,85176200,99,1129.3,2170250,219973,200563,77,1
SGD0183,2025-08-20,IMP020,DEC010,FR,DLA001,84713000,8,77.0,711444,128059,122087,42,0
SGD0184,2025-11-19,IMP019,DEC002,IT,DLA001,62046200,2019,21770.3,7730256,1932564,1849463,34,0
SGD0185,2026-02-06,IMP012,DEC002,CN,DLA001,68022100,114,637.3,500000,75000,68482,43,0
SGD0186,2025-11-23,IMP017,DEC001,CN,DLA001,85176200,153,1391.0,3505259,212910,204834,79,1
SGD0187,2025-09-13,IMP010,DEC001,CN,DLA001,85176200,108,508.3,1741520,203154,204806,61,1
SGD0188,2025-10-25,IMP013,DEC006,FR,KBI001,21069098,4870,11206.0,10629111,2125822,2134949,37,0
SGD0189,2025-10-20,IMP013,DEC006,CN,DLA001,22030000,4023,58438.6,7887932,1577586,1486157,42,0
SGD0190,2025-11-02,IMP019,DEC006,CN,DLA001,63053300,221,3162.3,500000,45361,46252,83,1
SGD0191,2025-10-04,IMP014,DEC007,CN,DLA001,30041000,123,1089.7,1942130,97106,100801,43,0
SGD0192,2025-12-18,IMP012,DEC009,IN,DLA001,68022100,28,324.9,500000,75000,74392,48,0
SGD0193,2026-01-13,IMP013,DEC006,MX,DLA001,19059090,808,3315.6,1856365,371273,365220,48,0
SGD0194,2025-09-26,IMP013,DEC008,IT,DLA001,22030000,4100,10315.4,8553489,1710697,1615436,32,0
SGD0195,2025-08-30,IMP005,DEC006,CN,KBI001,61099000,1695,13492.9,7054352,1763588,1703140,36,0
SGD0196,2025-10-21,IMP002,DEC002,CN,DLA001,87032390,28,287.1,273721051,82116315,83025623,46,0
SGD0197,2025-09-14,IMP011,DEC009,FR,DLA001,61099000,3319,31721.3,14685799,3671449,3542288,30,0
SGD0198,2026-02-05,IMP007,DEC008,IN,DLA001,27101290,181,625.8,500000,75000,76598,32,0
SGD0199,2025-12-26,IMP018,DEC003,CN,DLA001,87032390,30,124.7,254660641,76398192,76082383,42,0
SGD0200,2026-01-04,IMP004,DEC006,CN,DLA001,84715000,45,551.8,4656834,838230,828611,34,0
SGD0201,2025-10-20,IMP010,DEC005,US,DLA001,85176200,108,979.3,1774449,126243,125652,74,1
SGD0202,2025-09-14,IMP016,DEC005,CN,DLA001,84283100,116,1091.0,25697783,2569778,2499600,36,0
SGD0203,2026-02-25,IMP018,DEC009,US,DLA001,87042190,126,807.6,1053843643,316153092,288458268,30,0
SGD0204,2026-02-20,IMP010,DEC001,DE,KBI001,85044000,118,1016.6,2203213,147158,134963,71,1
SGD0205,2026-02-05,IMP008,DEC001,FR,KBI001,85176200,23,155.3,500000,37108,37909,59,1
SGD0206,2026-02-25,IMP002,DEC010,CN,DLA001,87032390,138,383.0,1066169560,319850868,300692267,46,0
SGD0207,2026-01-21,IMP005,DEC007,JP,KBI001,62034200,1040,11035.4,3951462,987865,994492,29,0
SGD0208,2026-02-11,IMP013,DEC008,CN,KBI001,22030000,3394,19736.2,7490226,1498045,1546010,24,0
SGD0209,2025-11-12,IMP009,DEC006,FR,DLA001,87042190,149,50.1,1361708347,408512504,395753591,41,0
SGD0210,2025-08-17,IMP013,DEC004,SG,KBI001,21069098,2645,33000.7,5654609,1130921,1039982,37,0
SGD0211,2026-02-18,IMP002,DEC001,CN,DLA001,87089900,118,63.6,969029574,290708872,261667459,43,0
SGD0212,2025-09-21,IMP005,DEC005,CN,YDE001,62034200,2245,3753.9,8532398,2133099,2038766,21,0
SGD0213,2025-08-14,IMP010,DEC004,FR,DLA001,85044000,25,7.9,500000,47810,46754,58,1
SGD0214,2026-01-25,IMP003,DEC001,TR,DLA001,62046200,2567,14640.0,2989413,397620,402778,38,1
SGD0215,2025-11-21,IMP007,DEC003,JP,DLA001,27102000,114,1475.3,500000,75000,69075,33,0
SGD0216,2025-12-29,IMP012,DEC007,CN,KBI001,72142000,71,694.1,500000,75000,74250,31,0
SGD0217,2026-02-16,IMP001,DEC005,CN,DLA002,85258000,49,553.4,978691,104747,106744,27,1
SGD0218,2025-11-01,IMP005,DEC007,NG,DLA002,61099000,2994,24944.3,13833362,3458340,3607629,14,0
SGD0219,2025-08-05,IMP001,DEC001,BR,DLA001,84713000,102,790.2,2128790,225708,217477,55,1
SGD0220,2025-08-21,IMP007,DEC003,DE,DLA001,27101290,163,1877.7,500000,75000,68243,43,0
SGD0221,2026-02-03,IMP008,DEC001,BR,DLA002,85044000,157,1452.2,3178005,316157,292871,12,1
SGD0222,2026-01-27,IMP016,DEC006,DE,DLA001,84212100,185,760.5,29995715,2999571,3051069,38,0
SGD0223,2026-02-04,IMP001,DEC005,CN,KBI001,85044000,183,2677.9,2249151,196377,187347,53,1
SGD0224,2026-02-14,IMP019,DEC002,CN,DLA001,61099000,361,4665.1,1368652,342163,332159,42,0
SGD0225,2025-09-08,IMP002,DEC009,IT,DLA001,87089900,168,1086.1,1275866287,382759886,397066767,40,0
SGD0226,2025-10-09,IMP019,DEC006,US,KBI001,62046200,1829,22174.4,3923013,314505,304995,40,1
SGD0227,2025-10-19,IMP018,DEC008,CN,DLA001,87032390,145,1715.7,1098558973,329567691,314816585,45,0
SGD0228,2026-02-14,IMP018,DEC004,CN,KBI001,87084000,7,26.1,61845097,18553529,18628097,22,0
SGD0229,2025-10-25,IMP013,DEC005,CN,DLA001,21069098,1952,12632.0,4837148,967429,891346,38,0
SGD0230,2025-08-24,IMP008,DEC009,FR,DLA001,84713000,118,1725.9,5747056,1149411,1121611,42,0
SGD0231,2025-08-20,IMP002,DEC007,US,DLA001,87032390,75,310.2,732250068,219675020,210655800,40,0
SGD0232,2025-10-21,IMP008,DEC001,CN,DLA001,85171200,28,72.4,500000,39420,36191,52,1
SGD0233,2025-09-23,IMP015,DEC005,NG,DLA001,33049900,176,839.9,500000,125000,128173,40,0
SGD0234,2025-09-07,IMP008,DEC007,DE,DLA001,85258000,67,827.8,2600235,520047,499587,44,0
SGD0235,2025-12-21,IMP008,DEC001,IT,KBI001,85044000,4,4.8,500000,54710,52293,62,1
SGD0236,2026-02-25,IMP003,DEC006,FR,DLA001,62046200,2717,5708.8,2882099,415915,401346,76,1
SGD0237,2025-10-10,IMP005,DEC001,IN,DLA001,61099000,2418,18458.3,10074474,2518618,2299896,42,0
SGD0238,2025-09-05,IMP017,DEC006,IT,DLA001,84713000,183,1020.9,3989285,321704,316829,50,1
SGD0239,2025-08-15,IMP016,DEC009,CN,KBI001,84713000,60,877.1,10250742,1025074,959646,39,0
SGD0240,2026-02-25,IMP002,DEC004,DE,KBI001,87084000,100,551.6,736352117,220905635,218448706,33,0
SGD0241,2025-12-30,IMP012,DEC010,DE,DLA001,69029000,49,617.4,500000,75000,69475,31,0
SGD0242,2025-08-24,IMP020,DEC004,CN,DLA001,84713000,85,1172.4,8471877,1524937,1450388,35,0
SGD0243,2026-02-22,IMP011,DEC001,CN,KBI001,61099000,1161,13564.2,5546179,1386544,1447668,33,0
SGD0244,2026-01-28,IMP013,DEC010,CN,DLA002,19059090,1118,16373.3,2608823,521764,544773,22,0
SGD0245,2025-09-14,IMP018,DEC010,IT,DLA001,87032390,151,1853.1,1175056984,352517095,353671505,34,0
SGD0246,2025-09-15,IMP019,DEC006,CN,KBI001,61099000,1810,17562.1,3844485,328888,332769,37,1
SGD0247,2025-11-23,IMP007,DEC004,US,DLA001,27101290,28,304.9,500000,75000,75741,35,0
SGD0248,2025-11-14,IMP013,DEC006,DE,DLA001,19059090,3928,46720.9,8723206,1744641,1750004,35,0
SGD0249,2025-11-24,IMP002,DEC005,CN,DLA001,87032390,27,37.6,260317261,78095178,72170539,32,0
SGD0250,2025-12-19,IMP003,DEC006,JP,DLA002,63053300,3534,50019.9,6109512,657169,596731,33,1
SGD0251,2025-10-16,IMP002,DEC007,DE,DLA001,87089900,40,44.0,326733562,98020068,92548824,45,0
SGD0252,2025-09-21,IMP007,DEC003,IN,DLA001,27111900,122,1549.8,500000,75000,72798,38,0
SGD0253,2025-08-24,IMP013,DEC003,CN,DLA001,21069098,1529,10478.1,3137190,627438,589484,38,0
SGD0254,2025-12-23,IMP004,DEC002,US,DLA001,84719000,106,1544.4,8478455,1526121,1387469,42,0
SGD0255,2026-02-26,IMP018,DEC008,DE,DLA001,87032390,77,112.5,647317802,194195340,201005432,48,0
SGD0256,2026-01-21,IMP005,DEC002,BR,YDE001,61099000,1370,19989.4,4934599,1233649,1188628,29,0
SGD0257,2025-09-21,IMP005,DEC010,CN,YDE001,62034200,549,867.0,2215636,553909,525614,24,0
SGD0258,2025-12-12,IMP001,DEC010,IN,DLA001,85171200,29,185.4,1405012,281002,277461,33,0
SGD0259,2025-08-28,IMP004,DEC005,NG,DLA001,84719000,106,443.4,9408547,1693538,1678879,31,0
SGD0260,2025-09-14,IMP005,DEC010,IN,DLA001,63053300,318,1945.6,1432533,358133,324967,45,0
SGD0261,2025-10-08,IMP001,DEC005,CN,DLA002,85171200,179,1855.8,2338492,277001,267712,64,1
SGD0262,2025-12-03,IMP012,DEC001,DE,KBI001,72142000,80,858.5,500000,75000,77077,40,0
SGD0263,2025-08-08,IMP007,DEC001,CN,DLA001,27101290,93,991.2,500000,75000,72722,42,0
SGD0264,2026-01-10,IMP001,DEC005,IN,DLA002,85044000,122,1089.1,1939478,213845,200757,65,1
SGD0265,2026-01-13,IMP007,DEC005,US,DLA001,27101290,200,2903.4,500000,75000,68988,35,0
SGD0266,2026-01-01,IMP008,DEC005,TR,KBI001,85258000,71,463.6,1614995,141376,131865,41,1
SGD0267,2025-12-22,IMP020,DEC005,CN,DLA001,84715000,17,89.1,1598513,287732,296140,38,0
SGD0268,2026-01-15,IMP010,DEC006,IT,DLA001,84713000,154,961.0,3147791,325094,324544,48,1
SGD0269,2025-10-27,IMP008,DEC008,JP,KBI001,85258000,130,612.7,6939594,1387918,1431601,27,0
SGD0270,2025-10-15,IMP005,DEC005,TR,DLA001,61099000,1500,21329.7,6670643,1667660,1556490,37,0
SGD0271,2026-02-07,IMP014,DEC006,CN,KBI001,30049010,119,1524.7,1555575,77778,77401,40,0
SGD0272,2026-01-06,IMP007,DEC009,CN,DLA001,27102000,136,637.3,500000,75000,69196,36,0
SGD0273,2025-10-27,IMP019,DEC008,CN,DLA001,62034200,1478,17367.1,5811802,1452950,1522685,40,0
SGD0274,2026-01-10,IMP015,DEC005,CN,DLA001,33072000,148,1707.6,516853,129213,131404,34,0
SGD0275,2026-01-05,IMP014,DEC007,FR,DLA001,30049010,2,1.7,500000,25000,26062,40,0
SGD0276,2026-02-10,IMP007,DEC001,US,KBI001,27102000,64,232.1,500000,75000,68655,38,0
SGD0277,2025-12-29,IMP003,DEC005,BR,DLA001,61099000,4263,38651.1,6481457,819959,754418,61,1
SGD0278,2025-08-05,IMP005,DEC004,TR,DLA001,61099000,1385,2923.0,6464353,1616088,1545430,38,0
SGD0279,2026-02-14,IMP002,DEC010,MA,DLA001,87032390,6,6.1,48802090,14640627,14011637,47,0
SGD0280,2025-10-04,IMP005,DEC004,US,DLA001,61099000,2467,16003.0,11002752,2750688,2587012,34,0
SGD0281,2025-11-16,IMP004,DEC009,TR,KBI001,84715000,30,355.1,2370119,426621,396741,30,0
SGD0282,2025-12-12,IMP013,DEC007,CN,YDE001,19059090,4067,55645.7,7989551,1597910,1438775,18,0
SGD0283,2025-08-29,IMP016,DEC003,BR,KBI001,84212100,20,218.7,4362882,436288,434826,36,0
SGD0284,2025-10-15,IMP002,DEC002,BE,DLA001,87084000,75,419.6,612238849,183671654,168497649,31,0
SGD0285,2025-08-03,IMP006,DEC006,CN,KBI001,30049099,160,679.1,2397717,119885,114059,25,0
SGD0286,2025-11-11,IMP015,DEC005,BE,DLA001,33051000,123,1483.2,500000,125000,115627,34,0
SGD0287,2026-01-26,IMP006,DEC002,FR,KBI001,30049010,146,1499.8,2397019,119850,121872,22,0
SGD0288,2026-01-23,IMP005,DEC008,BR,KBI001,62046200,3370,22842.2,12868616,3217154,3047081,38,0
SGD0289,2026-02-13,IMP019,DEC006,NG,KBI001,61099000,781,5203.7,1232664,153809,153226,31,1
SGD0290,2025-12-21,IMP020,DEC001,CN,DLA002,84719000,130,1661.1,13235317,2382357,2170874,27,0
SGD0291,2025-10-22,IMP009,DEC001,DE,DLA001,87042190,97,604.1,684069016,205220704,198372146,48,0
SGD0292,2025-11-23,IMP016,DEC008,CN,DLA001,84212100,191,1891.8,34771102,3477110,3148087,47,0
SGD0293,2025-08-01,IMP020,DEC010,IN,KBI001,84719000,144,481.1,15056938,2710248,2586935,23,0
SGD0294,2026-02-26,IMP015,DEC006,DE,DLA001,33051000,122,1321.9,500000,125000,114637,37,0
SGD0295,2025-08-01,IMP010,DEC005,US,DLA001,85044000,43,324.2,545841,52756,48964,84,1
SGD0296,2025-08-12,IMP019,DEC005,FR,DLA002,61099000,4131,9415.2,4152502,540722,531521,39,1
SGD0297,2025-12-27,IMP005,DEC002,FR,DLA001,61099000,2637,20332.4,10732230,2683057,2659846,37,0
SGD0298,2025-10-10,IMP011,DEC005,FR,DLA001,62046200,3382,30969.3,13116278,3279069,3296199,40,0
SGD0299,2026-01-30,IMP018,DEC004,CN,KBI001,87042190,75,779.5,745520519,223656155,223099912,27,0
SGD0300,2025-12-07,IMP011,DEC002,IT,DLA001,61099000,4775,41487.0,21386220,5346555,5528765,47,0
SGD0301,2025-10-13,IMP014,DEC001,DE,KBI001,30049099,38,41.0,530077,26503,26835,27,0
SGD0302,2025-10-13,IMP005,DEC001,US,DLA001,62046200,4434,3435.9,15802634,3950658,4069988,47,0
SGD0303,2025-09-27,IMP018,DEC007,CN,KBI001,87089900,179,810.6,1747890499,524367149,502413573,32,0
SGD0304,2025-12-20,IMP009,DEC004,IN,DLA001,87089900,114,1425.1,1032248684,309674605,308790439,48,0
SGD0305,2025-12-18,IMP007,DEC004,CN,KBI001,27101290,175,244.1,500000,75000,68842,23,0
SGD0306,2025-11-18,IMP009,DEC003,CN,DLA001,87089900,2,10.3,13855619,4156685,4320018,31,0
SGD0307,2026-02-15,IMP020,DEC005,FR,DLA002,84713000,92,126.2,8290435,1492278,1557263,28,0
SGD0308,2025-08-18,IMP006,DEC007,DE,KBI001,30049099,90,319.6,1505700,75285,71495,31,0
SGD0309,2025-09-25,IMP020,DEC009,FR,DLA002,84713000,193,2841.5,14697055,2645469,2518224,19,0
SGD0310,2026-01-12,IMP020,DEC004,MA,DLA001,84719000,98,1348.9,8366238,1505922,1477363,39,0
SGD0311,2025-08-07,IMP012,DEC009,IT,DLA002,69029000,12,55.9,500000,75000,73281,15,0
SGD0312,2025-09-12,IMP019,DEC006,CN,YDE001,63053300,1747,22736.8,3498888,316364,324055,63,1
SGD0313,2025-08-19,IMP005,DEC001,FR,KBI001,62046200,717,987.1,3348923,837230,823593,40,0
SGD0314,2026-02-27,IMP009,DEC007,FR,DLA001,87042190,111,549.6,993955709,298186712,292290116,32,0
SGD0315,2026-02-10,IMP002,DEC002,CN,KBI001,87042190,75,890.0,655575801,196672740,185310487,36,0
SGD0316,2025-11-06,IMP001,DEC006,CN,DLA001,85171200,140,649.1,1847302,185907,192808,80,1
SGD0317,2025-08-03,IMP018,DEC003,CN,DLA001,87032390,153,932.2,1504041108,451212332,426713159,41,0
SGD0318,2025-09-24,IMP017,DEC001,CN,DLA001,85171200,50,99.2,1137769,126387,131424,65,1
SGD0319,2025-10-24,IMP008,DEC006,CN,DLA001,85044000,125,865.6,2519025,255951,236206,66,1
SGD0320,2026-01-30,IMP014,DEC005,BE,KBI001,30049099,188,972.7,2919092,145954,139212,31,0
SGD0321,2025-12-03,IMP006,DEC010,CN,DLA001,30049099,36,482.5,515858,25792,26641,32,0
SGD0322,2026-02-03,IMP001,DEC001,BE,DLA001,85258000,197,1767.8,3683214,341095,358084,60,1
SGD0323,2025-09-04,IMP017,DEC005,DE,DLA001,85258000,158,1636.4,2076910,144456,142282,66,1
SGD0324,2025-08-17,IMP008,DEC001,DE,DLA001,85171200,100,720.4,2315095,144448,144054,36,1
SGD0325,2025-12-12,IMP009,DEC005,DE,DLA001,87042190,97,961.2,842015507,252604652,261378620,32,0
SGD0326,2025-12-11,IMP008,DEC005,BE,DLA001,85176200,124,1654.3,2235075,152740,141260,34,1
SGD0327,2026-01-17,IMP011,DEC002,FR,DLA001,61099000,1727,15516.4,8174554,2043638,1846154,31,0
SGD0328,2025-09-02,IMP006,DEC003,IN,DLA001,30049099,147,361.5,2102035,105101,97429,42,0
SGD0329,2026-01-01,IMP001,DEC005,BR,YDE001,85044000,156,2323.4,2114213,232186,229893,66,1
SGD0330,2025-10-27,IMP020,DEC010,CN,DLA002,84715000,34,64.5,3060754,550935,570989,25,0
SGD0331,2026-02-28,IMP004,DEC003,FR,DLA001,84713000,10,132.0,893631,160853,147603,45,0
SGD0332,2026-01-16,IMP020,DEC009,BE,DLA001,84719000,199,2044.7,17909901,3223782,3080506,31,0
SGD0333,2026-01-26,IMP008,DEC008,IT,DLA001,85176200,151,1831.3,1897945,129122,125451,44,1
SGD0334,2025-08-22,IMP018,DEC007,CN,DLA001,87032390,191,2273.8,1618176832,485453049,474755739,42,0
SGD0335,2026-01-15,IMP011,DEC007,CN,DLA001,62046200,4796,19320.2,19556641,4889160,4668397,38,0
SGD0336,2026-01-22,IMP007,DEC007,DE,DLA001,27102000,46,264.1,500000,75000,78620,48,0
SGD0337,2025-10-28,IMP013,DEC003,NG,KBI001,22030000,1883,12926.7,3352159,670431,654509,32,0
SGD0338,2026-02-22,IMP002,DEC003,FR,DLA001,87042190,24,297.6,234306185,70291855,67853192,32,0
SGD0339,2025-10-07,IMP003,DEC007,BR,DLA001,61099000,4269,19257.9,14907095,3726773,3786555,35,0
SGD0340,2026-01-11,IMP001,DEC006,BR,DLA001,85176200,50,39.7,907119,92441,91727,73,1
SGD0341,2025-10-30,IMP013,DEC010,CN,DLA001,19059090,563,7776.1,1085236,217047,222356,48,0
SGD0342,2025-10-29,IMP009,DEC004,IN,DLA001,87032390,104,910.1,765451577,229635473,224109459,47,0
SGD0343,2025-08-19,IMP011,DEC002,IT,DLA001,62034200,4407,54000.1,16747597,4186899,4046283,42,0
SGD0344,2025-12-23,IMP008,DEC008,US,DLA001,84713000,8,59.1,500000,100000,99504,37,0
SGD0345,2026-01-21,IMP011,DEC007,ZA,DLA001,61099000,2158,8522.8,8714627,2178656,2205493,40,0
SGD0346,2025-08-20,IMP006,DEC008,CN,DLA001,30049099,147,625.5,2314367,115718,107611,37,0
SGD0347,2025-10-07,IMP007,DEC004,BE,DLA001,27101290,200,373.7,500000,75000,74963,30,0
SGD0348,2026-02-12,IMP002,DEC008,CN,KBI001,87032390,148,1934.5,1093008114,327902434,332702712,38,0
SGD0349,2025-10-11,IMP019,DEC006,IT,DLA001,61099000,4430,3449.5,6522999,824998,764129,37,1
SGD0350,2025-11-06,IMP011,DEC006,IN,DLA001,62046200,4494,18712.5,18668761,4667190,4629677,41,0
SGD0351,2025-09-17,IMP007,DEC007,US,DLA001,27101290,103,454.3,500000,75000,78516,37,0
SGD0352,2026-02-25,IMP009,DEC004,DE,DLA001,87089900,51,124.6,423991482,127197444,114663578,43,0
SGD0353,2025-12-06,IMP017,DEC005,IT,DLA001,85176200,144,1860.5,2394493,242879,220778,82,1
SGD0354,2026-02-24,IMP001,DEC005,NG,DLA001,84713000,51,447.8,1020676,71929,73155,52,1
SGD0355,2025-11-06,IMP015,DEC003,NG,DLA001,33051000,87,565.6,500000,125000,128416,32,0
SGD0356,2025-08-21,IMP008,DEC006,CN,DLA001,85044000,166,1014.8,3617662,420828,425955,63,1
SGD0357,2025-11-14,IMP001,DEC001,US,DLA001,84713000,180,2037.8,2430592,160857,146310,60,1
SGD0358,2025-08-27,IMP005,DEC002,US,DLA001,62034200,2535,9307.3,10416458,2604114,2393081,46,0
SGD0359,2025-09-13,IMP012,DEC006,NG,DLA001,69029000,139,1951.9,500000,75000,78407,47,0
SGD0360,2025-09-15,IMP015,DEC010,FR,DLA001,33051000,137,664.7,500000,125000,116758,32,0
SGD0361,2025-11-22,IMP014,DEC005,CN,DLA001,30049099,134,1646.3,1984983,99249,96309,30,0
SGD0362,2026-01-24,IMP016,DEC005,CN,DLA002,84713000,75,680.7,14435345,1443534,1340011,29,0
SGD0363,2025-11-20,IMP006,DEC007,BE,DLA001,30049099,21,136.6,500000,25000,25499,38,0
SGD0364,2025-10-12,IMP018,DEC005,FR,DLA001,87089900,47,108.5,415388663,124616598,123701838,38,0
SGD0365,2026-01-27,IMP007,DEC006,CN,DLA001,27101290,137,85.7,500000,75000,68906,44,0
SGD0366,2026-02-03,IMP003,DEC005,CN,DLA001,61099000,4083,61122.8,7497701,580174,529138,78,1
SGD0367,2025-12-18,IMP007,DEC005,BE,DLA001,27102000,32,468.1,500000,75000,78468,37,0
SGD0368,2026-02-05,IMP008,DEC001,DE,YDE001,84713000,122,734.5,2914446,202602,204473,63,1
SGD0369,2026-01-11,IMP012,DEC001,NG,DLA001,72142000,29,109.3,500000,75000,69382,38,0
SGD0370,2025-12-28,IMP008,DEC001,IN,DLA001,85258000,177,1604.4,3833069,287186,280002,73,1
SGD0371,2025-12-16,IMP005,DEC008,CN,KBI001,62034200,2846,34553.9,13015048,3253762,2938807,34,0
SGD0372,2025-10-31,IMP009,DEC001,FR,KBI001,87042190,76,629.1,562953483,168886044,156725237,33,0
SGD0373,2025-10-22,IMP009,DEC010,JP,KBI001,87042190,18,145.9,139430745,41829223,39298654,33,0
SGD0374,2025-11-25,IMP017,DEC001,NG,DLA001,85258000,94,1100.5,1464460,93433,97644,82,1
SGD0375,2025-08-25,IMP003,DEC001,CN,DLA001,62046200,877,6520.4,910484,112109,107432,61,1
SGD0376,2025-08-04,IMP007,DEC008,BR,DLA002,27102000,120,1449.0,500000,75000,75864,25,0
SGD0377,2026-02-27,IMP002,DEC010,CN,DLA001,87032390,19,238.8,186631891,55989567,58458035,33,0
SGD0378,2025-08-26,IMP018,DEC007,CN,KBI001,87042190,64,555.5,549565128,164869538,162185666,25,0
SGD0379,2026-02-13,IMP012,DEC008,US,DLA001,69029000,27,74.3,500000,75000,73177,35,0
SGD0380,2025-12-15,IMP016,DEC006,JP,YDE001,84713000,84,1068.4,17473787,1747378,1685500,26,0
SGD0381,2026-01-03,IMP018,DEC004,CN,DLA001,87042190,191,770.7,1572311871,471693561,452619964,31,0
SGD0382,2025-10-12,IMP017,DEC005,CN,DLA001,84713000,55,708.3,1191605,138942,142186,65,1
SGD0383,2025-11-02,IMP008,DEC005,CN,KBI001,85176200,56,621.2,1229435,86520,88584,66,1
SGD0384,2025-08-25,IMP010,DEC006,FR,DLA001,85171200,198,1032.7,3340862,374409,385816,44,1
SGD0385,2026-01-02,IMP013,DEC001,CN,DLA002,19059090,4424,38065.1,9298899,1859779,1735396,13,0
SGD0386,2026-01-20,IMP013,DEC008,TR,KBI001,21069098,738,2630.7,1718871,343774,317029,32,0
SGD0387,2025-08-22,IMP002,DEC009,FR,DLA001,87032390,129,862.6,1191767189,357530156,347568784,36,0
SGD0388,2025-12-03,IMP019,DEC006,ZA,DLA001,62046200,587,2473.6,814811,117585,107406,72,1
SGD0389,2025-09-13,IMP016,DEC010,CN,YDE001,84283100,60,194.1,9853882,985388,994525,18,0
SGD0390,2025-08-29,IMP008,DEC003,NG,KBI001,85171200,4,21.4,500000,100000,97067,32,0
SGD0391,2025-09-23,IMP007,DEC004,DE,KBI001,27102000,141,1043.5,500000,75000,75017,34,0
SGD0392,2025-12-28,IMP017,DEC001,CN,DLA002,85044000,179,1679.8,3137327,366159,333200,54,1
SGD0393,2025-11-06,IMP004,DEC006,FR,DLA001,84713000,23,69.9,2417780,435200,428281,30,0
SGD0394,2025-08-11,IMP017,DEC005,FR,DLA001,85044000,89,922.0,1752465,129984,136059,62,1
SGD0395,2025-12-21,IMP008,DEC005,US,DLA002,85044000,98,779.5,2257084,228397,219854,48,1
SGD0396,2025-12-17,IMP007,DEC003,CN,DLA001,27102000,135,1845.5,500000,75000,78477,34,0
SGD0397,2026-01-15,IMP006,DEC006,CN,DLA002,30049010,185,377.5,3290619,164530,151668,12,0
SGD0398,2026-02-12,IMP014,DEC007,CN,DLA001,30049010,164,2299.1,2240525,112026,103981,34,0
SGD0399,2025-09-17,IMP020,DEC010,CN,DLA001,84713000,60,544.0,5737250,1032705,985086,45,0
SGD0400,2025-09-04,IMP020,DEC008,TR,DLA001,84715000,100,752.4,7781873,1400737,1308205,43,0
SGD0401,2026-02-12,IMP010,DEC004,TR,YDE001,84713000,194,641.6,10657944,2131588,2233572,31,0
SGD0402,2026-01-24,IMP015,DEC004,FR,DLA001,33072000,156,1733.1,532621,133155,127711,48,0
SGD0403,2025-12-31,IMP002,DEC009,CN,DLA001,87042190,11,145.2,93058333,27917499,26782420,31,0
SGD0404,2025-12-21,IMP002,DEC004,CN,DLA001,87042190,78,910.5,645552252,193665675,186571571,31,0
SGD0405,2026-01-24,IMP005,DEC008,BE,DLA001,61099000,4102,8054.8,20102047,5025511,5047709,34,0
SGD0406,2025-11-09,IMP015,DEC001,CN,DLA001,33051000,183,2464.7,500000,125000,118576,35,0
SGD0407,2026-01-31,IMP003,DEC005,IN,KBI001,62046200,3147,34569.9,5458430,474842,466556,24,1
SGD0408,2025-10-25,IMP005,DEC003,NG,DLA001,62046200,421,2723.0,1923236,480809,502034,39,0
SGD0409,2026-01-08,IMP005,DEC004,CN,DLA001,63053300,101,711.2,500000,125000,112607,45,0
SGD0410,2025-09-30,IMP016,DEC008,FR,DLA001,84283100,154,61.1,26645716,2664571,2649370,36,0
SGD0411,2025-08-13,IMP002,DEC006,CN,DLA001,87089900,171,1504.5,1326107214,397832164,412972743,31,0
SGD0412,2025-08-28,IMP006,DEC003,US,DLA001,30049010,178,1884.6,3110344,155517,144104,44,0
SGD0413,2026-02-08,IMP002,DEC002,IT,DLA001,87032390,98,1211.1,930861899,279258569,254052377,45,0
SGD0414,2025-09-04,IMP009,DEC006,DE,DLA001,87042190,179,603.8,1279808319,383942495,387574313,46,0
SGD0415,2025-08-23,IMP020,DEC005,FR,DLA001,84719000,67,537.6,5646827,1016428,934561,48,0
SGD0416,2025-12-06,IMP016,DEC008,IT,DLA001,84212100,60,643.0,9186829,918682,830119,33,0
SGD0417,2026-02-05,IMP020,DEC007,FR,KBI001,84715000,144,1749.4,10459311,1882675,1751222,31,0
SGD0418,2025-10-05,IMP010,DEC006,CN,KBI001,85044000,176,915.1,3701166,358863,324544,33,1
SGD0419,2026-02-21,IMP005,DEC008,CN,DLA001,61099000,4399,59255.2,20474628,5118657,4924623,31,0
SGD0420,2025-12-12,IMP011,DEC009,DE,DLA001,62046200,2718,32760.5,9529147,2382286,2197410,30,0
SGD0421,2025-10-26,IMP019,DEC010,IN,YDE001,62046200,958,12463.1,4338232,1084558,1027266,17,0
SGD0422,2025-10-09,IMP016,DEC004,CN,DLA001,84212100,78,271.2,12916871,1291687,1235023,31,0
SGD0423,2026-02-16,IMP003,DEC001,IT,DLA001,62034200,1263,3910.4,2373087,271177,275605,39,1
SGD0424,2025-08-26,IMP017,DEC003,CN,KBI001,85044000,100,1079.1,1281378,100791,91377,76,1
SGD0425,2025-09-23,IMP007,DEC005,CN,DLA001,27101290,113,1148.7,500000,75000,70578,30,0
SGD0426,2026-01-07,IMP004,DEC004,DE,DLA001,84713000,70,166.7,6423817,1156287,1070364,39,0
SGD0427,2026-01-04,IMP018,DEC008,CN,DLA002,87032390,173,180.2,1206183611,361855083,348817394,17,0
SGD0428,2026-01-28,IMP019,DEC008,IN,DLA001,62046200,1624,17506.1,1777069,256268,260025,66,1
SGD0429,2025-09-29,IMP005,DEC010,CN,DLA002,62046200,1503,15908.3,7007055,1751763,1808451,26,0
SGD0430,2025-12-03,IMP016,DEC002,CN,DLA001,84713000,44,195.8,8646866,864686,794740,33,0
SGD0431,2025-11-12,IMP004,DEC006,DE,KBI001,84715000,78,634.2,7201601,1296288,1213048,29,0
SGD0432,2025-12-19,IMP016,DEC007,CN,DLA001,84283100,178,1599.7,34503378,3450337,3282409,37,0
SGD0433,2025-09-14,IMP003,DEC010,BE,DLA001,62046200,4884,34699.6,5456330,591418,559602,55,1
SGD0434,2025-10-23,IMP002,DEC002,CN,DLA001,87032390,149,2023.1,1399331410,419799423,425492599,34,0
SGD0435,2025-11-24,IMP013,DEC010,DE,DLA001,19059090,2594,12207.6,6315874,1263174,1314334,41,0
SGD0436,2025-08-23,IMP020,DEC009,FR,DLA001,84715000,76,92.5,7992052,1438569,1294894,47,0
SGD0437,2026-02-27,IMP004,DEC005,NG,YDE001,84715000,180,1615.6,14951939,2691349,2576747,28,0
SGD0438,2025-11-20,IMP006,DEC008,CN,DLA001,30049010,93,1176.2,1346716,67335,69416,34,0
SGD0439,2025-09-04,IMP001,DEC005,US,DLA001,84713000,35,54.1,774557,86447,89389,74,1
SGD0440,2025-11-17,IMP019,DEC006,CN,DLA001,61099000,3366,46856.4,4848265,719324,708694,75,1
SGD0441,2026-01-04,IMP016,DEC002,US,DLA001,84713000,149,729.2,32490662,3249066,3184913,30,0
SGD0442,2025-11-29,IMP016,DEC010,TR,DLA001,84283100,76,345.9,15431319,1543131,1527152,39,0
SGD0443,2026-02-03,IMP009,DEC001,IN,KBI001,87042190,147,155.6,1380104574,414031372,411401258,31,0
SGD0444,2025-12-03,IMP017,DEC005,CN,DLA001,85258000,71,916.6,1509409,145249,150553,77,1
SGD0445,2025-10-27,IMP005,DEC010,BR,YDE001,62046200,4063,46178.4,18822206,4705551,4402946,30,0
SGD0446,2026-02-02,IMP007,DEC010,TR,DLA001,27101290,165,690.8,500000,75000,72720,45,0
SGD0447,2025-10-17,IMP018,DEC004,CN,DLA001,87089900,122,507.6,1169356428,350806928,316350480,44,0
SGD0448,2025-11-06,IMP017,DEC001,CN,DLA001,85176200,91,1306.4,1773731,175819,165426,47,1
SGD0449,2026-02-04,IMP007,DEC009,CN,DLA001,27102000,47,230.5,500000,75000,76856,30,0
SGD0450,2025-11-14,IMP004,DEC008,CN,DLA001,84713000,65,204.0,6065117,1091721,991863,36,0
SGD0451,2026-01-01,IMP004,DEC002,NG,DLA001,84715000,169,1948.4,15462881,2783318,2908775,33,0
SGD0452,2026-01-26,IMP010,DEC001,IN,DLA001,84713000,71,824.3,1045407,111695,105171,33,1
SGD0453,2025-09-15,IMP016,DEC004,IN,DLA001,84283100,126,238.6,26251712,2625171,2448649,33,0
SGD0454,2025-11-22,IMP004,DEC001,CN,DLA001,84713000,65,762.2,6677542,1201957,1108598,30,0
SGD0455,2025-08-10,IMP009,DEC003,US,DLA001,87084000,148,52.5,1232846832,369854049,355276959,32,0
SGD0456,2025-12-17,IMP013,DEC008,CN,DLA001,21069098,2941,15297.8,5942266,1188453,1182321,32,0
SGD0457,2025-11-02,IMP011,DEC002,BE,DLA001,63053300,2376,23338.4,10186293,2546573,2661492,36,0
SGD0458,2025-10-16,IMP004,DEC006,FR,DLA001,84719000,113,1255.3,8301402,1494252,1350511,48,0
SGD0459,2025-10-01,IMP003,DEC005,FR,DLA001,62034200,3681,53406.3,3844624,304509,310040,32,1
SGD0460,2026-02-06,IMP003,DEC001,FR,DLA001,62046200,376,1454.2,500000,43959,39892,49,1
SGD0461,2025-08-25,IMP006,DEC010,CN,DLA001,30049010,30,228.2,500000,25000,25516,43,0
SGD0462,2025-10-26,IMP013,DEC006,CN,KBI001,22030000,4472,10369.4,10336501,2067300,2044482,32,0
SGD0463,2025-08-17,IMP005,DEC007,CN,DLA001,62046200,1352,9123.7,4684839,1171209,1071650,42,0
SGD0464,2026-02-16,IMP016,DEC002,CN,DLA001,84283100,23,245.8,4987731,498773,480035,45,0
SGD0465,2026-01-25,IMP005,DEC005,DE,DLA001,61099000,1430,13263.1,6226270,1556567,1568365,32,0
SGD0466,2026-01-08,IMP010,DEC001,DE,KBI001,85044000,136,1993.6,2194450,231882,227466,36,1
SGD0467,2026-02-20,IMP016,DEC008,CN,DLA001,84713000,12,13.1,2082295,208229,200982,40,0
SGD0468,2026-01-05,IMP015,DEC001,CN,KBI001,33049900,138,398.2,500000,125000,114676,29,0
SGD0469,2026-02-01,IMP019,DEC001,TR,DLA001,62034200,1885,22150.5,2400243,222703,214215,42,1
SGD0470,2025-09-07,IMP020,DEC008,CN,DLA001,84715000,118,1284.0,9964163,1793549,1686750,40,0
SGD0471,2025-09-02,IMP019,DEC001,CN,DLA001,61099000,3427,9652.7,4331125,420712,388535,80,1
SGD0472,2025-09-25,IMP015,DEC005,CN,DLA001,33049900,64,252.4,500000,125000,129221,48,0
SGD0473,2025-09-08,IMP001,DEC001,CN,DLA002,85176200,197,1519.3,3628768,322075,328420,64,1
SGD0474,2025-09-03,IMP008,DEC002,CN,DLA001,85258000,42,446.8,2171448,434289,392450,44,0
SGD0475,2025-11-27,IMP013,DEC003,IT,KBI001,21069098,3804,40502.6,9085116,1817023,1654589,32,0
SGD0476,2025-12-14,IMP014,DEC005,US,DLA001,30049010,148,1772.9,2437964,121898,115846,31,0
SGD0477,2025-12-10,IMP012,DEC001,CN,DLA002,72142000,159,143.2,500000,75000,73786,14,0
SGD0478,2025-12-22,IMP007,DEC003,SG,DLA001,27101290,167,1224.8,500000,75000,75406,37,0
SGD0479,2025-10-22,IMP009,DEC009,US,DLA001,87032390,17,98.3,142050743,42615222,41720404,33,0
SGD0480,2025-11-29,IMP018,DEC005,FR,DLA001,87042190,173,2456.1,1280672543,384201762,396725528,32,0
SGD0481,2025-08-21,IMP006,DEC005,AE,DLA001,30049099,71,138.2,1116686,55834,57578,46,0
SGD0482,2026-01-08,IMP014,DEC009,BR,DLA001,30049010,108,737.1,1390920,69546,64563,30,0
SGD0483,2026-02-22,IMP017,DEC007,DE,DLA001,85258000,84,625.5,4485964,897192,867394,39,0
SGD0484,2025-12-24,IMP010,DEC005,CN,DLA001,85176200,74,859.5,980689,75574,78856,69,1
SGD0485,2025-10-13,IMP006,DEC003,CN,DLA001,30049099,82,717.1,1173620,58681,54436,47,0
SGD0486,2026-01-29,IMP011,DEC006,CN,DLA001,61099000,1332,10848.5,6490428,1622607,1558813,45,0
SGD0487,2026-02-13,IMP015,DEC006,CN,DLA001,33072000,140,2049.8,500000,125000,118041,39,0
SGD0488,2026-02-10,IMP020,DEC003,IT,YDE001,84713000,114,601.8,11072338,1993020,2062827,20,0
SGD0489,2026-01-21,IMP010,DEC006,BE,DLA001,85176200,24,122.3,500000,47502,44334,79,1
SGD0490,2025-11-09,IMP011,DEC010,IN,DLA001,62034200,2958,18174.3,11806584,2951646,2821551,39,0
SGD0491,2025-10-28,IMP015,DEC009,CN,DLA001,33051000,114,1276.9,500000,125000,117911,43,0
SGD0492,2026-02-03,IMP005,DEC010,IN,DLA002,62046200,2485,18082.9,12371874,3092968,2814345,30,0
SGD0493,2026-02-10,IMP001,DEC005,FR,DLA001,85176200,182,1574.0,2537075,278918,263136,61,1
SGD0494,2025-09-27,IMP001,DEC005,MA,DLA001,85176200,168,1694.9,2836111,253869,254675,45,1
SGD0495,2025-12-27,IMP014,DEC005,IN,DLA001,30049010,178,2194.5,2816877,140843,138911,38,0
SGD0496,2025-09-11,IMP005,DEC006,FR,DLA001,63053300,2928,7907.5,11647178,2911794,2898507,41,0
SGD0497,2025-08-13,IMP017,DEC002,DE,DLA001,85171200,47,542.4,2434473,486894,477914,40,0
SGD0498,2026-02-28,IMP010,DEC006,US,KBI001,85044000,149,814.9,1702193,155053,148223,53,1
SGD0499,2026-02-20,IMP020,DEC009,BE,DLA002,84713000,180,2055.2,15559159,2800648,2905405,15,0
SGD0500,2026-02-26,IMP001,DEC005,US,DLA001,85044000,114,1525.2,2087583,246766,228463,49,1
